theme1,theme2,relationship
Seed,Herald,Seed → Herald
Seed,Witness,Seed → Witness
Seed,Growth,Seed → Growth
Seed,Guardian,Seed → Guardian
Seed,Exile,Seed → Exile
Seed,Lover,Seed → Lover
Seed,Wanderer,Seed → Wanderer
Seed,Initiation,Seed → Initiation
Seed,Ancestors,Seed → Ancestors
Seed,Rebirth,Seed → Rebirth
Seed,Recognition,Seed → Recognition
Seed,Perspective,Seed → Perspective
Seed,Wisdom,Seed → Wisdom
Seed,Healer,Seed → Healer
Seed,Power,Seed → Power
Seed,Illumination,Seed → Illumination
Seed,Hope,Seed → Hope
Seed,Subconscious,Seed → Subconscious
Seed,Consciousness,Seed → Consciousness
Seed,Nourishment,Seed → Nourishment
Seed,Obstacles Overcome,Seed → Obstacles Overcome
Seed,Responsibility,Seed → Responsibility
Seed,Overview,Seed → Overview
Seed,Flood,Seed → Flood
Seed,Transformation,Seed → Transformation
Seed,Wholeness,Seed → Wholeness
Seed,Accomplishment,Seed → Accomplishment
Seed,Sovereignty,Seed → Sovereignty
Herald,Witness,Herald → Witness
Herald,Growth,Herald → Growth
Herald,Guardian,Herald → Guardian
Herald,Exile,Herald → Exile
Herald,Lover,Herald → Lover
Herald,Wanderer,Herald → Wanderer
Herald,Initiation,Herald → Initiation
Herald,Ancestors,Herald → Ancestors
Herald,Rebirth,Herald → Rebirth
Herald,Recognition,Herald → Recognition
Herald,Perspective,Herald → Perspective
Herald,Wisdom,Herald → Wisdom
Herald,Healer,Herald → Healer
Herald,Power,Herald → Power
Herald,Illumination,Herald → Illumination
Herald,Hope,Herald → Hope
Herald,Subconscious,Herald → Subconscious
Herald,Consciousness,Herald → Consciousness
Herald,Nourishment,Herald → Nourishment
Herald,Obstacles Overcome,Herald → Obstacles Overcome
Herald,Responsibility,Herald → Responsibility
Herald,Overview,Herald → Overview
Herald,Flood,Herald → Flood
Herald,Transformation,Herald → Transformation
Herald,Wholeness,Herald → Wholeness
Herald,Accomplishment,Herald → Accomplishment
Herald,Sovereignty,Herald → Sovereignty
Witness,Growth,Witness → Growth
Witness,Guardian,Witness → Guardian
Witness,Exile,Witness → Exile
Witness,Lover,Witness → Lover
Witness,Wanderer,Witness → Wanderer
Witness,Initiation,Witness → Initiation
Witness,Ancestors,Witness → Ancestors
Witness,Rebirth,Witness → Rebirth
Witness,Recognition,Witness → Recognition
Witness,Perspective,Witness → Perspective
Witness,Wisdom,Witness → Wisdom
Witness,Healer,Witness → Healer
Witness,Power,Witness → Power
Witness,Illumination,Witness → Illumination
Witness,Hope,Witness → Hope
Witness,Subconscious,Witness → Subconscious
Witness,Consciousness,Witness → Consciousness
Witness,Nourishment,Witness → Nourishment
Witness,Obstacles Overcome,Witness → Obstacles Overcome
Witness,Responsibility,Witness → Responsibility
Witness,Overview,Witness → Overview
Witness,Flood,Witness → Flood
Witness,Transformation,Witness → Transformation
Witness,Wholeness,Witness → Wholeness
Witness,Accomplishment,Witness → Accomplishment
Witness,Sovereignty,Witness → Sovereignty
Growth,Guardian,Growth → Guardian
Growth,Exile,Growth → Exile
Growth,Lover,Growth → Lover
Growth,Wanderer,Growth → Wanderer
Growth,Initiation,Growth → Initiation
Growth,Ancestors,Growth → Ancestors
Growth,Rebirth,Growth → Rebirth
Growth,Recognition,Growth → Recognition
Growth,Perspective,Growth → Perspective
Growth,Wisdom,Growth → Wisdom
Growth,Healer,Growth → Healer
Growth,Power,Growth → Power
Growth,Illumination,Growth → Illumination
Growth,Hope,Growth → Hope
Growth,Subconscious,Growth → Subconscious
Growth,Consciousness,Growth → Consciousness
Growth,Nourishment,Growth → Nourishment
Growth,Obstacles Overcome,Growth → Obstacles Overcome
Growth,Responsibility,Growth → Responsibility
Growth,Overview,Growth → Overview
Growth,Flood,Growth → Flood
Growth,Transformation,Growth → Transformation
Growth,Wholeness,Growth → Wholeness
Growth,Accomplishment,Growth → Accomplishment
Growth,Sovereignty,Growth → Sovereignty
Guardian,Exile,Guardian → Exile
Guardian,Lover,Guardian → Lover
Guardian,Wanderer,Guardian → Wanderer
Guardian,Initiation,Guardian → Initiation
Guardian,Ancestors,Guardian → Ancestors
Guardian,Rebirth,Guardian → Rebirth
Guardian,Recognition,Guardian → Recognition
Guardian,Perspective,Guardian → Perspective
Guardian,Wisdom,Guardian → Wisdom
Guardian,Healer,Guardian → Healer
Guardian,Power,Guardian → Power
Guardian,Illumination,Guardian → Illumination
Guardian,Hope,Guardian → Hope
Guardian,Subconscious,Guardian → Subconscious
Guardian,Consciousness,Guardian → Consciousness
Guardian,Nourishment,Guardian → Nourishment
Guardian,Obstacles Overcome,Guardian → Obstacles Overcome
Guardian,Responsibility,Guardian → Responsibility
Guardian,Overview,Guardian → Overview
Guardian,Flood,Guardian → Flood
Guardian,Transformation,Guardian → Transformation
Guardian,Wholeness,Guardian → Wholeness
Guardian,Accomplishment,Guardian → Accomplishment
Guardian,Sovereignty,Guardian → Sovereignty
Exile,Lover,Exile → Lover
Exile,Wanderer,Exile → Wanderer
Exile,Initiation,Exile → Initiation
Exile,Ancestors,Exile → Ancestors
Exile,Rebirth,Exile → Rebirth
Exile,Recognition,Exile → Recognition
Exile,Perspective,Exile → Perspective
Exile,Wisdom,Exile → Wisdom
Exile,Healer,Exile → Healer
Exile,Power,Exile → Power
Exile,Illumination,Exile → Illumination
Exile,Hope,Exile → Hope
Exile,Subconscious,Exile → Subconscious
Exile,Consciousness,Exile → Consciousness
Exile,Nourishment,Exile → Nourishment
Exile,Obstacles Overcome,Exile → Obstacles Overcome
Exile,Responsibility,Exile → Responsibility
Exile,Overview,Exile → Overview
Exile,Flood,Exile → Flood
Exile,Transformation,Exile → Transformation
Exile,Wholeness,Exile → Wholeness
Exile,Accomplishment,Exile → Accomplishment
Exile,Sovereignty,Exile → Sovereignty
Lover,Wanderer,Lover → Wanderer
Lover,Initiation,Lover → Initiation
Lover,Ancestors,Lover → Ancestors
Lover,Rebirth,Lover → Rebirth
Lover,Recognition,Lover → Recognition
Lover,Perspective,Lover → Perspective
Lover,Wisdom,Lover → Wisdom
Lover,Healer,Lover → Healer
Lover,Power,Lover → Power
Lover,Illumination,Lover → Illumination
Lover,Hope,Lover → Hope
Lover,Subconscious,Lover → Subconscious
Lover,Consciousness,Lover → Consciousness
Lover,Nourishment,Lover → Nourishment
Lover,Obstacles Overcome,Lover → Obstacles Overcome
Lover,Responsibility,Lover → Responsibility
Lover,Overview,Lover → Overview
Lover,Flood,Lover → Flood
Lover,Transformation,Lover → Transformation
Lover,Wholeness,Lover → Wholeness
Lover,Accomplishment,Lover → Accomplishment
Lover,Sovereignty,Lover → Sovereignty
Wanderer,Initiation,Wanderer → Initiation
Wanderer,Ancestors,Wanderer → Ancestors
Wanderer,Rebirth,Wanderer → Rebirth
Wanderer,Recognition,Wanderer → Recognition
Wanderer,Perspective,Wanderer → Perspective
Wanderer,Wisdom,Wanderer → Wisdom
Wanderer,Healer,Wanderer → Healer
Wanderer,Power,Wanderer → Power
Wanderer,Illumination,Wanderer → Illumination
Wanderer,Hope,Wanderer → Hope
Wanderer,Subconscious,Wanderer → Subconscious
Wanderer,Consciousness,Wanderer → Consciousness
Wanderer,Nourishment,Wanderer → Nourishment
Wanderer,Obstacles Overcome,Wanderer → Obstacles Overcome
Wanderer,Responsibility,Wanderer → Responsibility
Wanderer,Overview,Wanderer → Overview
Wanderer,Flood,Wanderer → Flood
Wanderer,Transformation,Wanderer → Transformation
Wanderer,Wholeness,Wanderer → Wholeness
Wanderer,Accomplishment,Wanderer → Accomplishment
Wanderer,Sovereignty,Wanderer → Sovereignty
Initiation,Ancestors,Initiation → Ancestors
Initiation,Rebirth,Initiation → Rebirth
Initiation,Recognition,Initiation → Recognition
Initiation,Perspective,Initiation → Perspective
Initiation,Wisdom,Initiation → Wisdom
Initiation,Healer,Initiation → Healer
Initiation,Power,Initiation → Power
Initiation,Illumination,Initiation → Illumination
Initiation,Hope,Initiation → Hope
Initiation,Subconscious,Initiation → Subconscious
Initiation,Consciousness,Initiation → Consciousness
Initiation,Nourishment,Initiation → Nourishment
Initiation,Obstacles Overcome,Initiation → Obstacles Overcome
Initiation,Responsibility,Initiation → Responsibility
Initiation,Overview,Initiation → Overview
Initiation,Flood,Initiation → Flood
Initiation,Transformation,Initiation → Transformation
Initiation,Wholeness,Initiation → Wholeness
Initiation,Accomplishment,Initiation → Accomplishment
Initiation,Sovereignty,Initiation → Sovereignty
Ancestors,Rebirth,Ancestors → Rebirth
Ancestors,Recognition,Ancestors → Recognition
Ancestors,Perspective,Ancestors → Perspective
Ancestors,Wisdom,Ancestors → Wisdom
Ancestors,Healer,Ancestors → Healer
Ancestors,Power,Ancestors → Power
Ancestors,Illumination,Ancestors → Illumination
Ancestors,Hope,Ancestors → Hope
Ancestors,Subconscious,Ancestors → Subconscious
Ancestors,Consciousness,Ancestors → Consciousness
Ancestors,Nourishment,Ancestors → Nourishment
Ancestors,Obstacles Overcome,Ancestors → Obstacles Overcome
Ancestors,Responsibility,Ancestors → Responsibility
Ancestors,Overview,Ancestors → Overview
Ancestors,Flood,Ancestors → Flood
Ancestors,Transformation,Ancestors → Transformation
Ancestors,Wholeness,Ancestors → Wholeness
Ancestors,Accomplishment,Ancestors → Accomplishment
Ancestors,Sovereignty,Ancestors → Sovereignty
Rebirth,Recognition,Rebirth → Recognition
Rebirth,Perspective,Rebirth → Perspective
Rebirth,Wisdom,Rebirth → Wisdom
Rebirth,Healer,Rebirth → Healer
Rebirth,Power,Rebirth → Power
Rebirth,Illumination,Rebirth → Illumination
Rebirth,Hope,Rebirth → Hope
Rebirth,Subconscious,Rebirth → Subconscious
Rebirth,Consciousness,Rebirth → Consciousness
Rebirth,Nourishment,Rebirth → Nourishment
Rebirth,Obstacles Overcome,Rebirth → Obstacles Overcome
Rebirth,Responsibility,Rebirth → Responsibility
Rebirth,Overview,Rebirth → Overview
Rebirth,Flood,Rebirth → Flood
Rebirth,Transformation,Rebirth → Transformation
Rebirth,Wholeness,Rebirth → Wholeness
Rebirth,Accomplishment,Rebirth → Accomplishment
Rebirth,Sovereignty,Rebirth → Sovereignty
Recognition,Perspective,Recognition → Perspective
Recognition,Wisdom,Recognition → Wisdom
Recognition,Healer,Recognition → Healer
Recognition,Power,Recognition → Power
Recognition,Illumination,Recognition → Illumination
Recognition,Hope,Recognition → Hope
Recognition,Subconscious,Recognition → Subconscious
Recognition,Consciousness,Recognition → Consciousness
Recognition,Nourishment,Recognition → Nourishment
Recognition,Obstacles Overcome,Recognition → Obstacles Overcome
Recognition,Responsibility,Recognition → Responsibility
Recognition,Overview,Recognition → Overview
Recognition,Flood,Recognition → Flood
Recognition,Transformation,Recognition → Transformation
Recognition,Wholeness,Recognition → Wholeness
Recognition,Accomplishment,Recognition → Accomplishment
Recognition,Sovereignty,Recognition → Sovereignty
Perspective,Wisdom,Perspective → Wisdom
Perspective,Healer,Perspective → Healer
Perspective,Power,Perspective → Power
Perspective,Illumination,Perspective → Illumination
Perspective,Hope,Perspective → Hope
Perspective,Subconscious,Perspective → Subconscious
Perspective,Consciousness,Perspective → Consciousness
Perspective,Nourishment,Perspective → Nourishment
Perspective,Obstacles Overcome,Perspective → Obstacles Overcome
Perspective,Responsibility,Perspective → Responsibility
Perspective,Overview,Perspective → Overview
Perspective,Flood,Perspective → Flood
Perspective,Transformation,Perspective → Transformation
Perspective,Wholeness,Perspective → Wholeness
Perspective,Accomplishment,Perspective → Accomplishment
Perspective,Sovereignty,Perspective → Sovereignty
Wisdom,Healer,Wisdom → Healer
Wisdom,Power,Wisdom → Power
Wisdom,Illumination,Wisdom → Illumination
Wisdom,Hope,Wisdom → Hope
Wisdom,Subconscious,Wisdom → Subconscious
Wisdom,Consciousness,Wisdom → Consciousness
Wisdom,Nourishment,Wisdom → Nourishment
Wisdom,Obstacles Overcome,Wisdom → Obstacles Overcome
Wisdom,Responsibility,Wisdom → Responsibility
Wisdom,Overview,Wisdom → Overview
Wisdom,Flood,Wisdom → Flood
Wisdom,Transformation,Wisdom → Transformation
Wisdom,Wholeness,Wisdom → Wholeness
Wisdom,Accomplishment,Wisdom → Accomplishment
Wisdom,Sovereignty,Wisdom → Sovereignty
Healer,Power,Healer → Power
Healer,Illumination,Healer → Illumination
Healer,Hope,Healer → Hope
Healer,Subconscious,Healer → Subconscious
Healer,Consciousness,Healer → Consciousness
Healer,Nourishment,Healer → Nourishment
Healer,Obstacles Overcome,Healer → Obstacles Overcome
Healer,Responsibility,Healer → Responsibility
Healer,Overview,Healer → Overview
Healer,Flood,Healer → Flood
Healer,Transformation,Healer → Transformation
Healer,Wholeness,Healer → Wholeness
Healer,Accomplishment,Healer → Accomplishment
Healer,Sovereignty,Healer → Sovereignty
Power,Illumination,Power → Illumination
Power,Hope,Power → Hope
Power,Subconscious,Power → Subconscious
Power,Consciousness,Power → Consciousness
Power,Nourishment,Power → Nourishment
Power,Obstacles Overcome,Power → Obstacles Overcome
Power,Responsibility,Power → Responsibility
Power,Overview,Power → Overview
Power,Flood,Power → Flood
Power,Transformation,Power → Transformation
Power,Wholeness,Power → Wholeness
Power,Accomplishment,Power → Accomplishment
Power,Sovereignty,Power → Sovereignty
Illumination,Hope,Illumination → Hope
Illumination,Subconscious,Illumination → Subconscious
Illumination,Consciousness,Illumination → Consciousness
Illumination,Nourishment,Illumination → Nourishment
Illumination,Obstacles Overcome,Illumination → Obstacles Overcome
Illumination,Responsibility,Illumination → Responsibility
Illumination,Overview,Illumination → Overview
Illumination,Flood,Illumination → Flood
Illumination,Transformation,Illumination → Transformation
Illumination,Wholeness,Illumination → Wholeness
Illumination,Accomplishment,Illumination → Accomplishment
Illumination,Sovereignty,Illumination → Sovereignty
Hope,Subconscious,Hope → Subconscious
Hope,Consciousness,Hope → Consciousness
Hope,Nourishment,Hope → Nourishment
Hope,Obstacles Overcome,Hope → Obstacles Overcome
Hope,Responsibility,Hope → Responsibility
Hope,Overview,Hope → Overview
Hope,Flood,Hope → Flood
Hope,Transformation,Hope → Transformation
Hope,Wholeness,Hope → Wholeness
Hope,Accomplishment,Hope → Accomplishment
Hope,Sovereignty,Hope → Sovereignty
Subconscious,Consciousness,Subconscious → Consciousness
Subconscious,Nourishment,Subconscious → Nourishment
Subconscious,Obstacles Overcome,Subconscious → Obstacles Overcome
Subconscious,Responsibility,Subconscious → Responsibility
Subconscious,Overview,Subconscious → Overview
Subconscious,Flood,Subconscious → Flood
Subconscious,Transformation,Subconscious → Transformation
Subconscious,Wholeness,Subconscious → Wholeness
Subconscious,Accomplishment,Subconscious → Accomplishment
Subconscious,Sovereignty,Subconscious → Sovereignty
Consciousness,Nourishment,Consciousness → Nourishment
Consciousness,Obstacles Overcome,Consciousness → Obstacles Overcome
Consciousness,Responsibility,Consciousness → Responsibility
Consciousness,Overview,Consciousness → Overview
Consciousness,Flood,Consciousness → Flood
Consciousness,Transformation,Consciousness → Transformation
Consciousness,Wholeness,Consciousness → Wholeness
Consciousness,Accomplishment,Consciousness → Accomplishment
Consciousness,Sovereignty,Consciousness → Sovereignty
Nourishment,Obstacles Overcome,Nourishment → Obstacles Overcome
Nourishment,Responsibility,Nourishment → Responsibility
Nourishment,Overview,Nourishment → Overview
Nourishment,Flood,Nourishment → Flood
Nourishment,Transformation,Nourishment → Transformation
Nourishment,Wholeness,Nourishment → Wholeness
Nourishment,Accomplishment,Nourishment → Accomplishment
Nourishment,Sovereignty,Nourishment → Sovereignty
Obstacles Overcome,Responsibility,Obstacles Overcome → Responsibility
Obstacles Overcome,Overview,Obstacles Overcome → Overview
Obstacles Overcome,Flood,Obstacles Overcome → Flood
Obstacles Overcome,Transformation,Obstacles Overcome → Transformation
Obstacles Overcome,Wholeness,Obstacles Overcome → Wholeness
Obstacles Overcome,Accomplishment,Obstacles Overcome → Accomplishment
Obstacles Overcome,Sovereignty,Obstacles Overcome → Sovereignty
Responsibility,Overview,Responsibility → Overview
Responsibility,Flood,Responsibility → Flood
Responsibility,Transformation,Responsibility → Transformation
Responsibility,Wholeness,Responsibility → Wholeness
Responsibility,Accomplishment,Responsibility → Accomplishment
Responsibility,Sovereignty,Responsibility → Sovereignty
Overview,Flood,Overview → Flood
Overview,Transformation,Overview → Transformation
Overview,Wholeness,Overview → Wholeness
Overview,Accomplishment,Overview → Accomplishment
Overview,Sovereignty,Overview → Sovereignty
Flood,Transformation,Flood → Transformation
Flood,Wholeness,Flood → Wholeness
Flood,Accomplishment,Flood → Accomplishment
Flood,Sovereignty,Flood → Sovereignty
Transformation,Wholeness,Transformation → Wholeness
Transformation,Accomplishment,Transformation → Accomplishment
Transformation,Sovereignty,Transformation → Sovereignty
Wholeness,Accomplishment,Wholeness → Accomplishment
Wholeness,Sovereignty,Wholeness → Sovereignty
Accomplishment,Sovereignty,Accomplishment → Sovereignty
